Nome,Turma,Mensalidade,Responsavel,Email,Telefone
Pedro Henrique Costa,1ª Série,320.00,Fernanda Costa,fernanda.costa@email.com,(85) 99111-2233
Larissa Mendonça,2ª Série,340.00,Ricardo Mendonça,ricardo.mendonca@email.com,(11) 98222-3344
Gabriel Souza,3ª Série,360.00,Claudia Souza,claudia.souza@email.com,(21) 97333-4455
Isabela Ferreira,4ª Série,380.00,Andre Ferreira,andre.ferreira@email.com,(31) 96444-5566
Mateus Oliveira,5ª Série,400.00,Silvia Oliveira,silvia.oliveira@email.com,(41) 95555-6677
Julia Almeida,6ª Série,420.00,Marcos Almeida,marcos.almeida@email.com,(51) 94666-7788
Lucas Ribeiro,7ª Série,440.00,Patricia Ribeiro,patricia.ribeiro@email.com,(61) 93777-8899
Ana Beatriz Lima,8ª Série,460.00,Carlos Lima,carlos.lima@email.com,(71) 92888-9900
Camila Rodrigues,Pré-Escola,300.00,Eduardo Rodrigues,eduardo.rodrigues@email.com,(88) 90000-1122
